-- phpMyAdmin SQL Dump
-- version 5.2.1
-- https://www.phpmyadmin.net/
--
-- Host: localhost
-- Generation Time: Dec 09, 2024 at 09:22 PM
-- Server version: 10.4.28-MariaDB
-- PHP Version: 8.2.4

SET SQL_MODE = "NO_AUTO_VALUE_ON_ZERO";
START TRANSACTION;
SET time_zone = "+00:00";


/*!40101 SET @OLD_CHARACTER_SET_CLIENT=@@CHARACTER_SET_CLIENT */;
/*!40101 SET @OLD_CHARACTER_SET_RESULTS=@@CHARACTER_SET_RESULTS */;
/*!40101 SET @OLD_COLLATION_CONNECTION=@@COLLATION_CONNECTION */;
/*!40101 SET NAMES utf8mb4 */;

--
-- Database: `quizwhiz`
--

-- --------------------------------------------------------

--
-- Table structure for table `Answers`
--

CREATE TABLE `Answers` (
  `answer_id` int(11) NOT NULL,
  `question_id` int(11) NOT NULL,
  `answer` text NOT NULL
) ENGINE=InnoDB DEFAULT CHARSET=utf8mb4 COLLATE=utf8mb4_general_ci;

--
-- Dumping data for table `Answers`
--

INSERT INTO `Answers` (`answer_id`, `question_id`, `answer`) VALUES
(1, 1, '4'),
(2, 2, '7'),
(3, 3, '30'),
(4, 4, '3'),
(5, 5, '14'),
(6, 6, '55'),
(7, 7, '56'),
(8, 8, '5'),
(9, 9, '43'),
(10, 10, '27'),
(11, 11, '9'),
(12, 12, '12'),
(13, 13, '33'),
(14, 14, '17'),
(15, 15, '44'),
(16, 16, '8'),
(17, 17, '43'),
(18, 18, '55'),
(19, 19, '63'),
(20, 20, '7'),
(21, 21, '100'),
(22, 22, '33'),
(23, 23, '52'),
(24, 24, '12'),
(25, 25, '100'),
(26, 26, '46'),
(27, 27, '36'),
(28, 28, '9'),
(29, 29, '500'),
(30, 30, '250'),
(31, 31, '3'),
(32, 32, '49'),
(33, 33, '125'),
(34, 34, '225'),
(35, 35, '40'),
(36, 36, '3628800'),
(37, 37, '2'),
(38, 38, '101'),
(39, 39, '3.14'),
(40, 40, 'Mars'),
(41, 41, 'H2O'),
(42, 42, '8'),
(43, 43, 'Carbon Dioxide'),
(44, 44, 'Mitochondria'),
(45, 45, 'NaCl'),
(46, 46, 'The Sun'),
(47, 47, 'Mercury'),
(48, 48, 'Oxygen'),
(49, 49, 'Nitrogen'),
(50, 50, '299,792,458 meters per second'),
(51, 51, '100'),
(52, 52, 'Homo sapiens'),
(53, 53, 'Nucleus'),
(54, 54, 'Au'),
(55, 55, 'Diamond'),
(56, 56, 'Botany'),
(57, 57, 'Nitrogen'),
(58, 58, 'Photosynthesis'),
(59, 59, 'Skin'),
(60, 60, 'Cell'),
(61, 61, 'CH4'),
(62, 62, '-1'),
(63, 63, 'Jupiter'),
(64, 64, 'Stapes'),
(65, 65, 'Herbivores'),
(66, 66, 'Water'),
(67, 67, '7'),
(68, 68, 'Red Supergiant'),
(69, 69, 'The Sun'),
(70, 70, 'Atom'),
(71, 71, 'Fluorine'),
(72, 72, 'C6H12O6'),
(73, 73, 'Magma'),
(74, 74, 'Evaporation'),
(75, 75, 'Carbon Dioxide'),
(76, 76, 'Predator'),
(77, 77, 'Salt'),
(78, 78, 'Chemistry'),
(79, 79, 'Paris'),
(80, 80, 'Japan'),
(81, 81, 'Nile'),
(82, 82, 'Antarctic Desert'),
(83, 83, 'Africa'),
(84, 84, 'Mount Everest'),
(85, 85, 'Sweden'),
(86, 86, 'Andes'),
(87, 87, 'Rome'),
(88, 88, 'Portuguese'),
(89, 89, 'Vatican City'),
(90, 90, 'China'),
(91, 91, 'Pacific Ocean'),
(92, 92, 'Ottawa'),
(93, 93, 'Australia'),
(94, 94, 'Berlin'),
(95, 95, 'Tokyo'),
(96, 96, 'Canberra'),
(97, 97, 'Rome'),
(98, 98, 'Beijing'),
(99, 99, 'New Delhi'),
(100, 100, 'Moscow'),
(101, 101, 'Cairo'),
(102, 102, 'Pretoria'),
(103, 103, 'Madrid'),
(104, 104, 'Lisbon'),
(105, 105, 'Buenos Aires'),
(106, 106, 'Mexico City'),
(107, 107, 'Washington, D.C.'),
(108, 108, 'Brasilia'),
(109, 109, 'Russia'),
(110, 110, 'Australia'),
(111, 111, 'Nile'),
(112, 112, 'Denali'),
(113, 113, 'Ankara'),
(114, 114, 'Pound sterling'),
(115, 115, 'Mandarin Chinese'),
(116, 116, 'Greenland'),
(117, 117, 'Atacama Desert'),
(118, 118, 'Canada'),
(119, 119, 'Mariana Trench'),
(120, 120, 'Mediterranean Sea'),
(121, 121, 'Wellington'),
(122, 122, 'Antarctic Desert'),
(123, 123, 'Nepal'),
(124, 124, 'Tokyo'),
(125, 125, 'China'),
(126, 126, 'Nile'),
(127, 127, 'Yen'),
(128, 128, 'Christopher Nolan'),
(129, 129, 'Robert Downey Jr.'),
(130, 130, 'Avatar'),
(131, 131, 'James Cameron'),
(132, 132, 'The Terminator'),
(133, 133, 'Frodo Baggins'),
(134, 134, '2001'),
(135, 135, 'Heath Ledger'),
(136, 136, 'Iron Man'),
(137, 137, 'The Empire Strikes Back'),
(138, 138, 'Parasite'),
(139, 139, 'Arendelle'),
(140, 140, 'Leonardo DiCaprio'),
(141, 141, 'The Lion King'),
(142, 142, '1999'),
(143, 143, 'Quentin Tarantino'),
(144, 144, 'Olaf'),
(145, 145, 'A Quiet Place Part II'),
(146, 146, 'Hugh Jackman'),
(147, 147, 'The Lion King (2019)'),
(148, 148, 'Katniss Everdeen'),
(149, 149, 'Back to the Future'),
(150, 150, 'Daniel Craig'),
(151, 151, 'HAL 9000'),
(152, 152, '1972'),
(153, 153, 'Star Wars'),
(154, 154, 'Wes Anderson'),
(155, 155, 'Jumanji'),
(156, 156, 'The Curse of the Black Pearl'),
(157, 157, 'Keanu Reeves'),
(158, 158, 'Toy Story'),
(159, 159, 'Forrest Gump'),
(160, 160, 'Mufasa'),
(161, 161, 'Harry Potter and the Sorcerer\'s Stone'),
(162, 162, 'Jurassic Park'),
(163, 163, 'Steven Spielberg'),
(164, 164, 'Erik Killmonger'),
(165, 165, 'The Fast and the Furious'),
(166, 166, '2012'),
(167, 167, 'Michael Jackson'),
(168, 168, 'The Beatles'),
(169, 169, 'Ed Sheeran'),
(170, 170, 'Stefani Joanne Angelina Germanotta'),
(171, 171, 'Ludwig van Beethoven'),
(172, 172, '19'),
(173, 173, 'Chris Martin'),
(174, 174, 'Michael Jackson'),
(175, 175, 'Saxophone'),
(176, 176, '1977'),
(177, 177, 'Eminem'),
(178, 178, 'Britney Spears'),
(179, 179, 'Taylor Swift'),
(180, 180, 'Cello'),
(181, 181, 'Bono'),
(182, 182, 'Dangerously in Love'),
(183, 183, 'Antonio Vivaldi'),
(184, 184, 'Queen'),
(185, 185, 'Adele'),
(186, 186, 'Jay-Z'),
(187, 187, 'Jamaica'),
(188, 188, 'Marshall Bruce Mathers III'),
(189, 189, 'Drums'),
(190, 190, 'When We All Fall Asleep, Where Do We Go?'),
(191, 191, 'Prince'),
(192, 192, 'Queen'),
(193, 193, 'x'),
(194, 194, 'Billie Eilish'),
(195, 195, 'Reggae'),
(196, 196, 'The Eagles'),
(197, 197, 'Thriller by Michael Jackson'),
(198, 198, 'The Weeknd'),
(199, 199, 'Claude Debussy'),
(200, 200, 'Lady Gaga'),
(201, 201, 'Georg Solti'),
(202, 202, 'Despacito'),
(203, 203, 'Heavy Metal'),
(204, 204, 'Adele'),
(205, 205, 'The Beatles'),
(206, 206, 'Football'),
(207, 207, 'Super Bowl'),
(208, 208, 'Brazil'),
(209, 209, 'Muhammad Ali'),
(210, 210, '300'),
(211, 211, 'Roger Federer'),
(212, 212, 'Larry O\'Brien Championship Trophy'),
(213, 213, 'Badminton'),
(214, 214, 'Ice Hockey'),
(215, 215, 'Hat trick'),
(216, 216, 'Barry Bonds'),
(217, 217, 'Tour de France'),
(218, 218, 'Modern Pentathlon'),
(219, 219, 'Michael Jordan'),
(220, 220, 'Love'),
(221, 221, 'Uruguay'),
(222, 222, 'Out of bounds'),
(223, 223, 'Mohamed Salah'),
(224, 224, 'Yankee Stadium'),
(225, 225, 'International Cricket Council (ICC)'),
(226, 226, 'Roger Bannister'),
(227, 227, 'Birdie'),
(228, 228, 'Japan'),
(229, 229, 'Michael Schumacher'),
(230, 230, 'Stanley Cup'),
(231, 231, 'Rafael Nadal'),
(232, 232, 'ICC Cricket World Cup'),
(233, 233, 'Golf'),
(234, 234, 'Half-time'),
(235, 235, 'Kareem Abdul-Jabbar'),
(236, 236, 'Wimbledon'),
(237, 237, 'USA'),
(238, 238, 'Triple-double'),
(239, 239, 'FIFA'),
(240, 240, '300'),
(241, 241, 'Rugby World Cup Trophy'),
(242, 242, 'Bogey'),
(243, 243, 'Usain Bolt'),
(244, 244, 'Tennis'),
(245, 245, 'African Elephant'),
(246, 246, 'Lion'),
(247, 247, 'Cheetah'),
(248, 248, 'Reptile'),
(249, 249, 'Kangaroo'),
(250, 250, 'Whale Shark'),
(251, 251, '8'),
(252, 252, 'Parrot'),
(253, 253, 'Around 15 years'),
(254, 254, 'Mole Rat'),
(255, 255, 'Bat'),
(256, 256, 'Giraffe'),
(257, 257, 'Zebra'),
(258, 258, 'Kodiak Bear'),
(259, 259, 'Dog'),
(260, 260, 'Bee Hummingbird'),
(261, 261, 'Mammal'),
(262, 262, 'Turtle'),
(263, 263, 'Golden Eagle'),
(264, 264, 'Narwhal'),
(265, 265, 'Virginia Opossum'),
(266, 266, 'Saltwater Crocodile'),
(267, 267, 'Bamboo'),
(268, 268, 'Saltwater Crocodile'),
(269, 269, 'Emperor Penguin'),
(270, 270, 'Amphibian'),
(271, 271, 'Opossum'),
(272, 272, 'Honeybee'),
(273, 273, 'Blue Whale'),
(274, 274, 'Bald Eagle'),
(275, 275, 'Electric Eel'),
(276, 276, 'Warm-blooded'),
(277, 277, 'Mollusk'),
(278, 278, 'Chameleon'),
(279, 279, 'Kangaroo'),
(280, 280, 'Beaver'),
(281, 281, 'Axolotl'),
(282, 282, 'Siberian Tiger'),
(283, 283, 'Albatross'),
(284, 284, 'Platypus'),
(285, 285, '9'),
(286, 286, '12'),
(287, 287, '33'),
(288, 288, '17'),
(289, 289, '44'),
(290, 290, '8'),
(291, 291, 'The opossum'),
(292, 292, 'The saltwater crocodile'),
(293, 293, 'Bamboo'),
(294, 294, 'The crocodile'),
(295, 295, 'The Emperor Penguin'),
(296, 296, 'Amphibian'),
(297, 297, 'Yankee Stadium'),
(298, 298, 'International Cricket Council (ICC)'),
(299, 299, 'Roger Bannister'),
(300, 300, 'Birdie'),
(301, 301, 'Japan'),
(302, 302, 'Lewis Hamilton'),
(303, 303, 'Jamaica'),
(304, 304, 'Marshall Bruce Mathers III'),
(305, 305, 'Drums'),
(306, 306, 'When We All Fall Asleep, Where Do We Go?'),
(307, 307, 'Prince'),
(308, 308, 'Queen'),
(309, 309, 'Leonardo DiCaprio'),
(310, 310, 'The Lion King'),
(311, 311, '1999'),
(312, 312, 'Quentin Tarantino'),
(313, 313, 'Olaf'),
(314, 314, 'A Quiet Place Part II'),
(315, 315, 'Hugh Jackman'),
(316, 316, 'Berlin'),
(317, 317, 'Tokyo'),
(318, 318, 'Canberra'),
(319, 319, 'Rome'),
(320, 320, 'Beijing'),
(321, 321, 'New Delhi'),
(322, 322, 'Moscow'),
(323, 323, 'Diamond'),
(324, 324, 'Botany'),
(325, 325, 'Nitrogen'),
(326, 326, 'Photosynthesis'),
(327, 327, 'Skin'),
(328, 328, 'Cell');

-- --------------------------------------------------------

--
-- Table structure for table `Questions`
--

CREATE TABLE `Questions` (
  `question_id` int(11) NOT NULL,
  `topic` varchar(50) NOT NULL,
  `question` text NOT NULL
) ENGINE=InnoDB DEFAULT CHARSET=utf8mb4 COLLATE=utf8mb4_general_ci;

--
-- Dumping data for table `Questions`
--

INSERT INTO `Questions` (`question_id`, `topic`, `question`) VALUES
(1, 'Math', 'What is 2 + 2?'),
(2, 'Math', 'What is 10 - 3?'),
(3, 'Math', 'What is 5 * 6?'),
(4, 'Math', 'What is 12 / 4?'),
(5, 'Math', 'What is 9 + 5?'),
(6, 'Math', 'What is 100 - 45?'),
(7, 'Math', 'What is 7 * 8?'),
(8, 'Math', 'What is 15 / 3?'),
(9, 'Math', 'What is 25 + 18?'),
(10, 'Math', 'What is 50 - 23?'),
(11, 'Math', 'What is the square root of 81?'),
(12, 'Math', 'What is 144 / 12?'),
(13, 'Math', 'What is 11 + 22?'),
(14, 'Math', 'What is 32 - 15?'),
(15, 'Math', 'What is 4 * 11?'),
(16, 'Math', 'What is 72 / 9?'),
(17, 'Math', 'What is 16 + 27?'),
(18, 'Math', 'What is 88 - 33?'),
(19, 'Math', 'What is 9 * 7?'),
(20, 'Math', 'What is 56 / 8?'),
(21, 'Math', 'What is 45 + 55?'),
(22, 'Math', 'What is 99 - 66?'),
(23, 'Math', 'What is 13 * 4?'),
(24, 'Math', 'What is 120 / 10?'),
(25, 'Math', 'What is 19 + 81?'),
(26, 'Math', 'What is 70 - 24?'),
(27, 'Math', 'What is 18 * 2?'),
(28, 'Math', 'What is 36 / 4?'),
(29, 'Math', 'What is 125 + 375?'),
(30, 'Math', 'What is 500 - 250?'),
(31, 'Math', 'What is the cube root of 27?'),
(32, 'Math', 'What is 7 squared?'),
(33, 'Math', 'What is 5 cubed?'),
(34, 'Math', 'What is 15 * 15?'),
(35, 'Math', 'What is 1000 / 25?'),
(36, 'Math', 'What is 10 factorial?'),
(37, 'Math', 'What is 22 modulo 5?'),
(38, 'Math', 'What is 101 in binary?'),
(39, 'Math', 'What is the value of pi rounded to two decimal places?'),
(40, 'Science', 'What planet is known as the Red Planet?'),
(41, 'Science', 'What is the chemical symbol for water?'),
(42, 'Science', 'What is the atomic number of oxygen?'),
(43, 'Science', 'What gas do plants absorb from the air?'),
(44, 'Science', 'What is the powerhouse of the cell?'),
(45, 'Science', 'What is the chemical formula for salt?'),
(46, 'Science', 'What is the name of the closest star to Earth?'),
(47, 'Science', 'What planet is closest to the Sun?'),
(48, 'Science', 'What element is represented by the symbol \"O\"?'),
(49, 'Science', 'What is the main component of Earth\'s atmosphere?'),
(50, 'Science', 'What is the speed of light in a vacuum?'),
(51, 'Science', 'What is the boiling point of water in Celsius?'),
(52, 'Science', 'What is the scientific name for humans?'),
(53, 'Science', 'What is the center of an atom called?'),
(54, 'Science', 'What is the chemical symbol for gold?'),
(55, 'Science', 'What is the hardest natural substance on Earth?'),
(56, 'Science', 'What is the study of plants called?'),
(57, 'Science', 'What is the most abundant gas in Earth\'s atmosphere?'),
(58, 'Science', 'What is the process by which plants make food?'),
(59, 'Science', 'What is the largest organ in the human body?'),
(60, 'Science', 'What is the basic unit of life?'),
(61, 'Science', 'What is the chemical formula for methane?'),
(62, 'Science', 'What is the charge of an electron?'),
(63, 'Science', 'What is the largest planet in our solar system?'),
(64, 'Science', 'What is the name of the smallest bone in the human body?'),
(65, 'Science', 'What is the term for animals that eat plants?'),
(66, 'Science', 'What is the common name for dihydrogen monoxide?'),
(67, 'Science', 'What is the pH of pure water?'),
(68, 'Science', 'What is the largest type of star in the universe?'),
(69, 'Science', 'What is the main source of energy for the Earth?'),
(70, 'Science', 'What is the smallest particle of an element?'),
(71, 'Science', 'What is the most reactive element?'),
(72, 'Science', 'What is the chemical formula for glucose?'),
(73, 'Science', 'What is the term for molten rock below the Earth\'s surface?'),
(74, 'Science', 'What is the term for water changing to vapor?'),
(75, 'Science', 'What is the main gas responsible for global warming?'),
(76, 'Science', 'What is the term for an animal that hunts other animals?'),
(77, 'Science', 'What is the common name for sodium chloride?'),
(78, 'Science', 'What is the branch of science concerned with the nature and properties of matter?'),
(79, 'Geography', 'What is the capital of France?'),
(80, 'Geography', 'Which country is known as the \"Land of the Rising Sun\"?'),
(81, 'Geography', 'What is the longest river in the world?'),
(82, 'Geography', 'Which desert is the largest in the world?'),
(83, 'Geography', 'Which continent is the Sahara Desert located on?'),
(84, 'Geography', 'What is the tallest mountain in the world?'),
(85, 'Geography', 'Which country has the most islands in the world?'),
(86, 'Geography', 'What is the name of the longest mountain range in the world?'),
(87, 'Geography', 'Which city is known as the \"Eternal City\"?'),
(88, 'Geography', 'What is the official language of Brazil?'),
(89, 'Geography', 'What is the smallest country in the world?'),
(90, 'Geography', 'Which country has the most population?'),
(91, 'Geography', 'What is the largest ocean in the world?'),
(92, 'Geography', 'What is the capital of Canada?'),
(93, 'Geography', 'Which country is home to the Great Barrier Reef?'),
(94, 'Geography', 'What is the capital of Germany?'),
(95, 'Geography', 'What is the capital of Japan?'),
(96, 'Geography', 'What is the capital of Australia?'),
(97, 'Geography', 'What is the capital of Italy?'),
(98, 'Geography', 'What is the capital of China?'),
(99, 'Geography', 'What is the capital of India?'),
(100, 'Geography', 'What is the capital of Russia?'),
(101, 'Geography', 'What is the capital of Egypt?'),
(102, 'Geography', 'What is the capital of South Africa?'),
(103, 'Geography', 'What is the capital of Spain?'),
(104, 'Geography', 'What is the capital of Portugal?'),
(105, 'Geography', 'What is the capital of Argentina?'),
(106, 'Geography', 'What is the capital of Mexico?'),
(107, 'Geography', 'What is the capital of the United States?'),
(108, 'Geography', 'What is the capital of Brazil?'),
(109, 'Geography', 'What is the largest country in the world by land area?'),
(110, 'Geography', 'What is the smallest continent in the world?'),
(111, 'Geography', 'What is the longest river in Africa?'),
(112, 'Geography', 'What is the highest mountain in North America?'),
(113, 'Geography', 'What is the capital of Turkey?'),
(114, 'Geography', 'What is the currency used in the United Kingdom?'),
(115, 'Geography', 'What is the most spoken language in the world?'),
(116, 'Geography', 'What is the largest island in the world?'),
(117, 'Geography', 'What is the driest place on Earth?'),
(118, 'Geography', 'What country has the longest coastline in the world?'),
(119, 'Geography', 'What is the name of the deepest ocean trench?'),
(120, 'Geography', 'What is the name of the sea located between Europe and Africa?'),
(121, 'Geography', 'What is the capital city of New Zealand?'),
(122, 'Geography', 'What is the largest desert in the world?'),
(123, 'Geography', 'Which country is Mount Everest located in?'),
(124, 'Geography', 'What is the most populous city in the world?'),
(125, 'Geography', 'What country is the Great Wall of China located in?'),
(126, 'Geography', 'What is the main river flowing through Egypt?'),
(127, 'Geography', 'What is the official currency of Japan?'),
(128, 'Movies', 'Who directed the movie *Inception*?'),
(129, 'Movies', 'Which actor played Iron Man in the Marvel Cinematic Universe?'),
(130, 'Movies', 'What is the highest-grossing movie of all time?'),
(131, 'Movies', 'Who directed the movie *Avatar*?'),
(132, 'Movies', 'Which movie features the quote \"I\'ll be back\"?'),
(133, 'Movies', 'What is the name of the hobbit played by Elijah Wood in *The Lord of the Rings*?'),
(134, 'Movies', 'What year was the first *Harry Potter* movie released?'),
(135, 'Movies', 'Who played the Joker in *The Dark Knight*?'),
(136, 'Movies', 'What is the first movie in the Marvel Cinematic Universe?'),
(137, 'Movies', 'What is the name of the second *Star Wars* movie?'),
(138, 'Movies', 'Which movie won the Best Picture Oscar in 2020?'),
(139, 'Movies', 'What is the name of the kingdom in Disney\'s *Frozen*?'),
(140, 'Movies', 'Who played Jack in *Titanic*?'),
(141, 'Movies', 'Which movie is the song \"Circle of Life\" from?'),
(142, 'Movies', 'What year was *The Matrix* released?'),
(143, 'Movies', 'Who directed the movie *Pulp Fiction*?'),
(144, 'Movies', 'What is the name of the talking snowman in *Frozen*?'),
(145, 'Movies', 'What is the title of the sequel to *A Quiet Place*?'),
(146, 'Movies', 'Who played Wolverine in the *X-Men* movies?'),
(147, 'Movies', 'What is the highest-grossing animated movie of all time?'),
(148, 'Movies', 'What is the name of the protagonist in *The Hunger Games*?'),
(149, 'Movies', 'Which movie features a DeLorean time machine?'),
(150, 'Movies', 'Who played James Bond in *Skyfall*?'),
(151, 'Movies', 'What is the name of the AI in *2001: A Space Odyssey*?'),
(152, 'Movies', 'What year was *The Godfather* released?'),
(153, 'Movies', 'Which movie features the quote \"May the Force be with you\"?'),
(154, 'Movies', 'Who directed *The Grand Budapest Hotel*?'),
(155, 'Movies', 'Which movie is about a board game that comes to life?'),
(156, 'Movies', 'What is the subtitle of *Pirates of the Caribbean: The Curse of the Black Pearl*?'),
(157, 'Movies', 'Who played Neo in *The Matrix*?'),
(158, 'Movies', 'Which movie features the character Buzz Lightyear?'),
(159, 'Movies', 'What is the name of the lead character in *Forrest Gump*?'),
(160, 'Movies', 'What is the name of Simba\'s father in *The Lion King*?'),
(161, 'Movies', 'Which movie is about a young wizard attending Hogwarts?'),
(162, 'Movies', 'Which movie features a park filled with dinosaurs?'),
(163, 'Movies', 'Who directed the movie *Schindler\'s List*?'),
(164, 'Movies', 'What is the name of the villain in *Black Panther*?'),
(165, 'Movies', 'What is the title of the first *Fast & Furious* movie?'),
(166, 'Movies', 'What year was *The Avengers* released?'),
(167, 'Music', 'Who is known as the King of Pop?'),
(168, 'Music', 'What band recorded the album *Abbey Road*?'),
(169, 'Music', 'Which artist released the song \"Shape of You\"?'),
(170, 'Music', 'What is the real name of the artist known as Lady Gaga?'),
(171, 'Music', 'Which classical composer became deaf later in life?'),
(172, 'Music', 'What is the title of Adele’s debut album?'),
(173, 'Music', 'Who is the lead singer of the band Coldplay?'),
(174, 'Music', 'Which artist is known for the song \"Thriller\"?'),
(175, 'Music', 'What instrument is commonly associated with jazz music?'),
(176, 'Music', 'What year did Elvis Presley die?'),
(177, 'Music', 'Which rapper is known for the album *The Marshall Mathers LP*?'),
(178, 'Music', 'Which pop star sang the hit \"Oops!... I Did It Again\"?'),
(179, 'Music', 'What is the name of Taylor Swift’s first album?'),
(180, 'Music', 'Which instrument does Yo-Yo Ma play?'),
(181, 'Music', 'Who is the lead singer of U2?'),
(182, 'Music', 'What is the name of Beyoncé’s debut solo album?'),
(183, 'Music', 'Which composer wrote *The Four Seasons*?'),
(184, 'Music', 'What is the name of the group that released the hit \"Bohemian Rhapsody\"?'),
(185, 'Music', 'Who is the artist behind the song \"Rolling in the Deep\"?'),
(186, 'Music', 'Which famous rapper is married to Beyoncé?'),
(187, 'Music', 'Which country is the origin of reggae music?'),
(188, 'Music', 'What is the real name of the artist known as Eminem?'),
(189, 'Music', 'What instrument does Ringo Starr play?'),
(190, 'Music', 'What is the name of Billie Eilish’s debut album?'),
(191, 'Music', 'Who released the song \"Purple Rain\"?'),
(192, 'Music', 'Which band was Freddie Mercury a part of?'),
(193, 'Music', 'What is the name of Ed Sheeran’s album with a mathematical symbol in the title?'),
(194, 'Music', 'Who is the youngest artist to win a Grammy for Album of the Year?'),
(195, 'Music', 'Which genre of music is associated with Bob Marley?'),
(196, 'Music', 'Who sang the song \"Hotel California\"?'),
(197, 'Music', 'What is the best-selling album of all time?'),
(198, 'Music', 'Who is the artist behind the song \"Blinding Lights\"?'),
(199, 'Music', 'Which composer wrote *Clair de Lune*?'),
(200, 'Music', 'What is the stage name of the artist Stefani Germanotta?'),
(201, 'Music', 'Which artist holds the record for the most Grammy awards?'),
(202, 'Music', 'What is the title of the hit song by Luis Fonsi featuring Daddy Yankee?'),
(203, 'Music', 'What genre of music is Metallica known for?'),
(204, 'Music', 'Which singer is known for the hit \"Hello\"?'),
(205, 'Music', 'What is the name of the band that released the song \"Imagine\"?'),
(206, 'Sports', 'What sport is known as the \"beautiful game\"?'),
(207, 'Sports', 'What is the name of the championship game of the NFL?'),
(208, 'Sports', 'Which country has won the most FIFA World Cups?'),
(209, 'Sports', 'Who is known as \"The Greatest\" in boxing?'),
(210, 'Sports', 'What is the maximum score in a single frame of bowling?'),
(211, 'Sports', 'Which player has won the most Grand Slam tennis titles?'),
(212, 'Sports', 'What is the name of the trophy awarded in the NBA Finals?'),
(213, 'Sports', 'What sport uses a shuttlecock?'),
(214, 'Sports', 'What is the national sport of Canada?'),
(215, 'Sports', 'What is the term for scoring three goals in a hockey game?'),
(216, 'Sports', 'Who holds the record for the most home runs in MLB history?'),
(217, 'Sports', 'What is the name of the world’s most famous bicycle race?'),
(218, 'Sports', 'Which Olympic sport involves fencing, swimming, horseback riding, shooting, and running?'),
(219, 'Sports', 'Who is considered the greatest basketball player of all time?'),
(220, 'Sports', 'What is the term for a zero score in tennis?'),
(221, 'Sports', 'Which country won the first FIFA World Cup?'),
(222, 'Sports', 'What is the term for hitting the ball out of bounds in golf?'),
(223, 'Sports', 'Who holds the record for the most goals scored in a single Premier League season?'),
(224, 'Sports', 'What is the name of the stadium where the New York Yankees play?'),
(225, 'Sports', 'What is the highest governing body of cricket?'),
(226, 'Sports', 'Who was the first athlete to run a mile in under four minutes?'),
(227, 'Sports', 'What is the term for a score of one under par in golf?'),
(228, 'Sports', 'Which country is the origin of judo?'),
(229, 'Sports', 'Who has won the most Formula 1 World Championships?'),
(230, 'Sports', 'What is the name of the highest prize in the NHL?'),
(231, 'Sports', 'Who is known as the \"King of Clay\" in tennis?'),
(232, 'Sports', 'What is the name of the cricket competition held every four years?'),
(233, 'Sports', 'What is the only sport played on the moon?'),
(234, 'Sports', 'What is the term for the time between rounds in boxing?'),
(235, 'Sports', 'Who is the all-time leading scorer in the NBA?'),
(236, 'Sports', 'What is the name of the oldest active tennis tournament?'),
(237, 'Sports', 'Which country has the most Olympic gold medals in gymnastics?'),
(238, 'Sports', 'What is the term for a basketball player achieving double figures in three statistical categories?'),
(239, 'Sports', 'What is the name of the international governing body for football (soccer)?'),
(240, 'Sports', 'What is the term for a perfect score in bowling?'),
(241, 'Sports', 'What is the name of the highest trophy in rugby?'),
(242, 'Sports', 'What is the term for a score of one over par in golf?'),
(243, 'Sports', 'Who is the fastest man in the world?'),
(244, 'Sports', 'What sport is played at Wimbledon?'),
(245, 'Animals', 'What is the largest land animal?'),
(246, 'Animals', 'Which animal is known as the \"King of the Jungle\"?'),
(247, 'Animals', 'What is the fastest land animal?'),
(248, 'Animals', 'What type of animal is a Komodo dragon?'),
(249, 'Animals', 'Which animal is the symbol of Australia?'),
(250, 'Animals', 'What is the largest species of shark?'),
(251, 'Animals', 'How many legs does a spider have?'),
(252, 'Animals', 'Which bird is known for its ability to mimic human speech?'),
(253, 'Animals', 'What is the lifespan of a typical house cat?'),
(254, 'Animals', 'What animal can sleep for up to three years?'),
(255, 'Animals', 'Which mammal is capable of true flight?'),
(256, 'Animals', 'What is the tallest land animal?'),
(257, 'Animals', 'Which animal is known for its black and white stripes?'),
(258, 'Animals', 'What is the largest species of bear?'),
(259, 'Animals', 'Which animal is known as man\'s best friend?'),
(260, 'Animals', 'What is the smallest species of bird?'),
(261, 'Animals', 'What type of animal is a platypus?'),
(262, 'Animals', 'Which animal has the longest lifespan?'),
(263, 'Animals', 'What is the fastest bird in the world?'),
(264, 'Animals', 'Which marine animal is known as the \"unicorn of the sea\"?'),
(265, 'Animals', 'What is the only marsupial native to North America?'),
(266, 'Animals', 'What is the largest reptile species?'),
(267, 'Animals', 'What do pandas primarily eat?'),
(268, 'Animals', 'Which animal has the strongest bite force?'),
(269, 'Animals', 'What is the largest type of penguin?'),
(270, 'Animals', 'What type of animal is a salamander?'),
(271, 'Animals', 'Which animal is famous for playing dead as a defense mechanism?'),
(272, 'Animals', 'Which insect is known for its role in producing honey?'),
(273, 'Animals', 'What is the name of the largest whale species?'),
(274, 'Animals', 'Which animal is the national symbol of the United States?'),
(275, 'Animals', 'Which species of fish is capable of producing electric shocks?'),
(276, 'Animals', 'What is the main characteristic of mammals?'),
(277, 'Animals', 'Which type of animal is an octopus?'),
(278, 'Animals', 'What type of animal is a chameleon?'),
(279, 'Animals', 'Which mammal has a pouch to carry its young?'),
(280, 'Animals', 'Which animal is known for building dams?'),
(281, 'Animals', 'What animal is known for its ability to regenerate lost body parts?'),
(282, 'Animals', 'What is the largest species of cat?'),
(283, 'Animals', 'Which bird has the largest wingspan?'),
(284, 'Animals', 'What is the only mammal that lays eggs?'),
(285, 'Mix', 'What is the square root of 81?'),
(286, 'Mix', 'What is 144 / 12?'),
(287, 'Mix', 'What is 11 + 22?'),
(288, 'Mix', 'What is 32 - 15?'),
(289, 'Mix', 'What is 4 * 11?'),
(290, 'Mix', 'What is 72 / 9?'),
(291, 'Mix', 'What is the only marsupial native to North America?'),
(292, 'Mix', 'What is the largest reptile species?'),
(293, 'Mix', 'What do pandas primarily eat?'),
(294, 'Mix', 'Which animal has the strongest bite force?'),
(295, 'Mix', 'What is the largest type of penguin?'),
(296, 'Mix', 'What type of animal is a salamander?'),
(297, 'Mix', 'What is the name of the stadium where the New York Yankees play?'),
(298, 'Mix', 'What is the highest governing body of cricket?'),
(299, 'Mix', 'Who was the first athlete to run a mile in under four minutes?'),
(300, 'Mix', 'What is the term for a score of one under par in golf?'),
(301, 'Mix', 'Which country is the origin of judo?'),
(302, 'Mix', 'Who has won the most Formula 1 World Championships?'),
(303, 'Mix', 'Which country is the origin of reggae music?'),
(304, 'Mix', 'What is the real name of the artist known as Eminem?'),
(305, 'Mix', 'What instrument does Ringo Starr play?'),
(306, 'Mix', 'What is the name of Billie Eilish’s debut album?'),
(307, 'Mix', 'Who released the song \"Purple Rain\"?'),
(308, 'Mix', 'Which band was Freddie Mercury a part of?'),
(309, 'Mix', 'Who played Jack in *Titanic*?'),
(310, 'Mix', 'Which movie is the song \"Circle of Life\" from?'),
(311, 'Mix', 'What year was *The Matrix* released?'),
(312, 'Mix', 'Who directed the movie *Pulp Fiction*?'),
(313, 'Mix', 'What is the name of the talking snowman in *Frozen*?'),
(314, 'Mix', 'What is the title of the sequel to *A Quiet Place*?'),
(315, 'Mix', 'Who played Wolverine in the *X-Men* movies?'),
(316, 'Mix', 'What is the capital of Germany?'),
(317, 'Mix', 'What is the capital of Japan?'),
(318, 'Mix', 'What is the capital of Australia?'),
(319, 'Mix', 'What is the capital of Italy?'),
(320, 'Mix', 'What is the capital of China?'),
(321, 'Mix', 'What is the capital of India?'),
(322, 'Mix', 'What is the capital of Russia?'),
(323, 'Mix', 'What is the hardest natural substance on Earth?'),
(324, 'Mix', 'What is the study of plants called?'),
(325, 'Mix', 'What is the most abundant gas in Earth\'s atmosphere?'),
(326, 'Mix', 'What is the process by which plants make food?'),
(327, 'Mix', 'What is the largest organ in the human body?'),
(328, 'Mix', 'What is the basic unit of life?');

-- --------------------------------------------------------

--
-- Table structure for table `Users`
--

CREATE TABLE `Users` (
  `user_id` int(11) NOT NULL,
  `name` varchar(100) NOT NULL
) ENGINE=InnoDB DEFAULT CHARSET=utf8mb4 COLLATE=utf8mb4_general_ci;

--
-- Dumping data for table `Users`
--

INSERT INTO `Users` (`user_id`, `name`) VALUES
(1, 'mohamad'),
(2, 'mohamaddd'),
(7, 'aya'),
(8, 'qqqqq'),
(9, 'aloo'),
(10, 'ali'),
(12, 'ousama');

--
-- Indexes for dumped tables
--

--
-- Indexes for table `Answers`
--
ALTER TABLE `Answers`
  ADD PRIMARY KEY (`answer_id`),
  ADD KEY `question_id` (`question_id`);

--
-- Indexes for table `Questions`
--
ALTER TABLE `Questions`
  ADD PRIMARY KEY (`question_id`);

--
-- Indexes for table `Users`
--
ALTER TABLE `Users`
  ADD PRIMARY KEY (`user_id`);

--
-- AUTO_INCREMENT for dumped tables
--

--
-- AUTO_INCREMENT for table `Answers`
--
ALTER TABLE `Answers`
  MODIFY `answer_id` int(11) NOT NULL AUTO_INCREMENT, AUTO_INCREMENT=329;

--
-- AUTO_INCREMENT for table `Questions`
--
ALTER TABLE `Questions`
  MODIFY `question_id` int(11) NOT NULL AUTO_INCREMENT, AUTO_INCREMENT=329;

--
-- AUTO_INCREMENT for table `Users`
--
ALTER TABLE `Users`
  MODIFY `user_id` int(11) NOT NULL AUTO_INCREMENT, AUTO_INCREMENT=14;

--
-- Constraints for dumped tables
--

--
-- Constraints for table `Answers`
--
ALTER TABLE `Answers`
  ADD CONSTRAINT `answers_ibfk_1` FOREIGN KEY (`question_id`) REFERENCES `Questions` (`question_id`) ON DELETE CASCADE;
COMMIT;

/*!40101 SET CHARACTER_SET_CLIENT=@OLD_CHARACTER_SET_CLIENT */;
/*!40101 SET CHARACTER_SET_RESULTS=@OLD_CHARACTER_SET_RESULTS */;
/*!40101 SET COLLATION_CONNECTION=@OLD_COLLATION_CONNECTION */;
